Entry,Sequence,Organism
P01501,GIGAVLKVLTTGLPALISWIKRKRQQ,Xenopus laevis
P04563,GIGKFLHSAKKFGKAFVGEIMNS,Bombina variegata
P01507,KWKLFKKIEKVGQNIRDGIIKAGPAVAVVGQATQIAK,Xenopus laevis
P80154,LLGDFFRKSKEKIGKEFKRIVQRIKDFLRNLVPRTES,Homo sapiens
P69208,QPPGGSKVILF,Homo sapiens
P56917,FLPLIGRVLSGIL,Rana temporaria
P80955,GLFDIVKKVVGALGSL,Odorrana grahami
P85089,FFLGTLVKLGKKIF,Phyllomedusa bicolor
P0C005,GLLKRIKTLL,Anoplius samariensis
C0HK44,VNWKKILGKIIKVVK,Lasioglossum laticeps
P01504,GIGKFLHSAGKFGKAFVGEIMKS,Bombina maxima
P86394,GRFKRFRKKFKKLFKKLSPVIPLLHLG,Naja atra
