Entry,Sequence,UniProt,Organism,Category
"Phosphoribulokinase, 41 kDa subunit",ADEKXVVIGLAADSG,P25934,Monoraphidium minutum,UniProt General
"Human α-defensin 6, HD6",AFTCHCRRSCYSTEYSYGTCTVMGINHRFCCL,Q01524,Homo sapiens,"FF,AF-AMP"
Pleurocidin-like peptide GcSc4C5,AGWGSIFKHIFKAGKFIHGAIQAHND,Q7SZH0 (22-47),Glyptocephalus cynoglossus,"FF,AF-AMP"
Dermaseptin-4,ALWKDILKNAGKAALNEINQIVQ,P84924,Phyllomedusa tarsius (Brownbelly leaf frog),"FF,AF-AMP"
Thaumatin-like protein,ANFEIVNNCPYTVWAAASPGGGRRLDRGQT,P83959,Phaseolus vulgaris (Kidney bean) (French bean),Uniprot AMPs
Toxin Cm38,ARDGYIVDEKGCKFACFIN,P0DTB8,Centruroides margaritatus (Central American bark Scorpion),Uniprot AMPs
"Defensin-like protein 1 C-terminal peptide, C65A_C74A_C76A",ARHGSANYVFPAHKAIAYF,P69241,Raphanus sativus,Functional amyloid
Ocellatin-5,AVLDILKDVGKGLLSHFMEKV,not found,Leptodactylus ocellatus (Argus frog) (Leptodactylus macrosternum),"FF,AF-AMP"
Calcitonin,CGNLSTCMLGTYTQDFNKFHTFPQTAIGVGAP,P01258,Homo sapiens,Pathogenic amyloid
Urocortin,DDPPLSIDLTFHLLRTLLELARTQSQRERAEQNRIIFDSV,P55090,Rattus norvegicus,Functional amyloid
Beta-defensin 1 (BNBD-1) (BNDB-1),DFASCHTNGGICLPNRCPGHMIQIGICFRPRVKCCRSW,P46159,Bos taurus (Bovine),Uniprot AMPs
Diptericin,DLHIPPPDNKINWPQLSGGGGGSPKTGYDININAQQK,Q9TWW2,Sarcophaga peregrina (Flesh fly) (Boettcherisca peregrina),Uniprot AMPs
Antifungal protein 4 (CW-4),DRQIDMEEQQLEKLNKQDRXPGLRYAAKQQMXTXRMG,P83138,Malva parviflora (Little mallow) (Cheeseweed mallow),Uniprot AMPs
Ice-structuring protein A,DTASDAAAAAALTAANAKAAAELTAANAAAAAAATAR,P04002,Pseudopleuronectes americanus,Functional amyloid
momorcochin-S,DVTFSLLGANTKSYAAFITNFRKDVASEKK,P20655,Momordica cochinchinensis (Spiny bitter cucumber),"FF,AF-AMP"
ADan peptide,EASNCFAIRHFENKFAVETLICFNLFLNSQEKHY,Q9Y287,Homo sapiens,Pathogenic amyloid
ABri peptide,EASNCFAIRHFENKFAVETLICSRTVKKNIIEEN,Q9Y287,Homo sapiens,Pathogenic amyloid
Brevinin-1OKc,FFGSIIGALAKGLPSLISLIKK,C0HL10,Nidirana okinavana (Kampira Falls frog) (Babina okinavana),"FF,AF-AMP"
Lung Surfactant,FGIPCCPVHLKRLLIVVVVVVLIVVVIVGALLMGL,P11686,Homo sapiens,Pathogenic amyloid
Conolysin-Mt1 (Moonwalker peptide) [Cleaved into: Conolysin-Mt2],FHPSLWVLIPQYIQLIRKILKSG,P0C8S6,Conus mustelinus (Weasel cone),Uniprot AMPs
Grammistin Pp 2a,FIGGIISLIKKLF,P69843,Pogonoperca punctata (Clown grouper) (Grammistes punctatus),"FF,AF-AMP"
Chrysophsin-3,FIGLLISAGKAIHDLIRRRH,P83547,Pagrus major (Red sea bream) (Chrysophrys major),"FF,AF-AMP"
Ll-37(17-29)- FK13,FKRIVQRIKDFLR,P49913,Homo sapiens - synthetic construct,"FF,AF-AMP"
Temporin-1ITa,FLGAIAQALTSLLGKL,C0HL49,Rana italica (Italian stream frog) (Rana graeca italica),"FF,AF-AMP"
Brevinin-1DYe,FLIGMTQGLICLITRKC,P0C5X0,Rana dybowskii (Dybovsky's frog) (Korean brown frog),Uniprot AMPs
Vespid chemotactic peptide 5g (VCP 5g),FLIIRRPIVLGLL,P0C1M3,Vespa magnifica (Hornet),Uniprot AMPs
Cyanophlyctin,FLNALKNFAKTAGKRLKSLLN,C0HJB8,Euphlyctis cyanophlyctis,"FF,AF-AMP"
Vespid-CP 5e,FLPIIAKLLGGLL,P0C1M1,Vespa magnifica (Hornet),"FF,AF-AMP"
Brevinin-1SE,FLPLVRGAAKLIPSVVCAISKRC,P85056,Lithobates sevosus (Dusky gopher frog) (Rana sevosa),Uniprot AMPs
Phylloseptin-O2 (PLS-O2) (Phylloseptin-5) (PS-5),FLSLIPHAINAVSAIAKHS,P84570,Pithecopus oreades (Orange-legged leaf frog) (Phyllomedusa oreades),Uniprot AMPs
Phylloseptin-2.1TR,FLSLIPHIATGIAALAKHL,C0HLD7,Phyllomedusa trinitatis (Trinidad leaf frog),"FF,AF-AMP"
Obestatin,FNAPFDVGIKLSGVQYQQHSQAL,Q9UBU3,Homo sapiens,Functional amyloid
Urocortin-3,FTLSLDVPTNIMNLLFNIAKAKNLRAQAAANAHLMAQI,Q969E3,Homo sapiens,Functional amyloid
Temporin-1Cea,FVDLKKIANIINSIFGK,B8QP36 (46-64),Rana chensinensis,"FF,AF-AMP"
Insulin Chain B,FVNQHLCGSHLVEALYLVCGERGFFYTPKT,P01308,Homo sapiens,Pathogenic amyloid
Temporin-L,FVQWFSKFLGRIL,P57104,Rana temporaria,"FF,AF-AMP"
Plantaricin J,GAWKNFWSSLRKGFYDGEAGRAIRR,P71461 (31-55),Lactobacillus plantarum,"FF,AF-AMP"
Chitinase (EC 3.2.1.14),GDGTGPGPGP,P86977,Streptomyces violaceusniger,Uniprot AMPs
Cupiennin-1,GFGALFKFLAKKVAKTVAKQAAKQGAKYVVNKQME,P83619,Cupiennius salei,"FF,AF-AMP"
Defensin,GFGCPLDQMQCHRHCQTITGRSGGYCSGPLKLTCTCYR,P80154,Aeshna cyanea (Southern hawker dragonfly) (Libellula cyanea),Uniprot AMPs
Ascaphin-7M,GFKDWIKSAAKKLIKTVASNIANQ,not found,A. montanus (North America inland frog),"FF,AF-AMP"
Frenatin-4,GFLDKLKKGASDFANALVNSIKGT,P82023,Litoria infrafrenata (Giant tree frog) (White-lipped tree frog),"FF,AF-AMP"
Osmin,GFLSALKKYLPIVLKHV,P0CD70,Osmia rufa (Red mason bee),"FF,AF-AMP"
Ascaphin-1,GFRDVLKGAAKAFVKTVAGHIAN,P0CJ25,Ascaphus truei (Coastal tailed frog),"FF,AF-AMP"
Defensin D7 (Antimicrobial peptide D7) (So-D7),GIFSSRKCKTPSKTFKGYCTRDSNCDTSCRYEGYPAGD,P81573,Spinacia oleracea (Spinach),Uniprot AMPs
Melittin,GIGAVLKVLTTGLPALISWIKRKRQQ,"P01501 (44-69), P59262 (44-69), P68407 (44-69), P68408 (44-69), P68409 (44-69), Q8LW54 (51-76), I3RJI9 (44-69), Q95Z19 (41-66)","Apis mellifera (Honeybee), Vespula maculifrons (Eastern yellow jacket) (Wasp), Apis cerana cerana (Oriental honeybee), Vespa magnifica (Hornet), Apis cerana (Indian honeybee), Vespa velutina nigrithorax (Hornet), Apis mellifera carnica (Carniolan honeybee), Polistes sp. (Golden paper wasp), ?Phyllomedusa sauvagei","FF,AF-AMP"
Pelophylaxin-2,GILLNTLKGAAKNVAGVLLDKLKCKITGGC,Q2WCN7,Pelophylax plancyi fukienensis (Fukien gold-striped pond frog),"FF,AF-AMP"
Pseudin-4,GINTLKKVIQGLHEVIKLVSNHA,P83191,Pseudis paradoxa (Paradoxical frog),"FF,AF-AMP"
Insulin Chain A,GIVEQCCTSICSLYQLENYCN,P01308,Homo sapiens,Pathogenic amyloid
Brevinin-2Va,GIWDTLKNVGKAVLGKVLENV,not found,Rana virgatipes (Ranidae) (Aquarana),"FF,AF-AMP"
M-poneritoxin-Ng1d (M-PONTX-Ng1d) (Poneratoxin) (Ponericin-W4),GIWGTALKWGVKLLPKLVGMAQTKKQ,P82426,Neoponera goeldii (Ponerine ant) (Pachycondyla goeldii),Uniprot AMPs
Deserticolin-1,GLADFLNKAVGKVVDFVKS,P86136,Crinia deserticola (Desert froglet),Uniprot AMPs
Aurein 1.2,GLFDIIKKIAESF,P82387,Ranoidea raniformis (Southern bell frog) (Litoria raniformis),"FF,AF-AMP"
Citropin-1.3,GLFDIIKKVASVIGGL,P81846,Litoria citropaAnimalia,"FF,AF-AMP"
Aurein-3.3,GLFDIVKKIAGHIVSSI,P82396,Litoria raniformis Animalia,"FF,AF-AMP"
Brevinin-2skb,GLFNVFKKVGKNVLKNVAGSLMDNLKCKVSGEC,Not found,Rana sakuraii [Japanese brown frog],"FF,AF-AMP"
Alyteserin-1a,GLKDIFKAGLGSLVKGIAAHVAN,P0DQW2,Alytes obstetricans (Common midwife toad) (Bufo obstetricans),Uniprot AMPs
Alyteserin-1d,GLKDIFKAGLGSLVKNIAAHVAN,P0DQW4,Alytes obstetricans (European midwife toad),"FF,AF-AMP"
Dahlein-5.6,GLLASLGKVFGGYLAEKLKPK,P84272,Ranoidea dahlii (Dahl's aquatic frog) (Litoria dahlii),"FF,AF-AMP"
Ranatuerin-2B,GLLDTIKGVAKTVAASMLDKLKCKISGC,P82840,Lithobates berlandieri (Rio Grande leopard frog) (Rana berlandieri),Uniprot AMPs
"Dermaseptin S9, Preprodermaseptin S9, DRS S9",GLRSKIWLWVLLMIWQESNKFKKM,Q1EN15,"Phyllomedusa sauvagei (Sauvage's leaf frog), Phyllomedusa sauvagei","FF,AF-AMP"
Caerin-3.3,GLWEKIKEKANELVSGIVEGVK,P56240,Ranoidea caerulea (Green tree frog) (Litoria caerulea),Uniprot AMPs
Dermaseptin-DI1 (DRS-DI1) (Dermadistinctin-K) (DD-K),GLWSKIKAAGKEAAKAAAKAAGKAALNAVSEAV,P83638,Phyllomedusa distincta (Monkey frog),Uniprot AMPs
Peptide PGLa-BM3,GMASTAGSVLGKLAKAVAIGAL,C0HKL9,Xenopus boumbaensis (Mawa clawed frog),Uniprot AMPs
Dermaseptin-DA4 (DRS-DA4),GMWSKIKNAGKAAKAAAKAAGKAALGAVSEAM,P0DTD5,Agalychnis dacnicolor (Giant Mexican leaf frog) (Pachymedusa dacnicolor),Uniprot AMPs
Bacteriocin BacGR,GNVAELTEVR,B3EWP5,Lacticaseibacillus paracasei (Lactobacillus paracasei),Uniprot AMPs
Antimicrobial peptide 4 (XT-4),GVFLDALKKFAKGGMNAVLNPK,P84384,Xenopus tropicalis (Western clawed frog) (Silurana tropicalis),Uniprot AMPs
Uperine-3.5 antimicrobial peptide,GVGDLIRKAVSVIKNIV,P82042,Uperoleia mjobergii,"FF,AF-AMP"
Ocellatin-LB1,GVVDILKGAAKDIAGHLASKVM,C0HKF1,Leptodactylus labyrinthicus (Labyrinth frog),Uniprot AMPs
"Xenoposin precursor fragment BM1 (XPF-BM1),Xenoposin precursor fragment R1 (XPF-R1)",GWASKIGQTLGKMAKVGLHELIQPK,"C0HKM0,C0HKP5","Xenopus boumbaensis (Mawa clawed frog),Xenopus ruwenzoriensis (Uganda clawed frog)",Uniprot AMPs
Glucagon-like peptide 2,HADGSFSDEMNTILDNLAARDFINWLIQTKITD,P01275,Home sapiens,Functional amyloid
Glucagon-like peptide 1,HDEFERHAEGTFTSDVSSYLEGQAAKEFIAWLVKGRG,P01275,Home sapiens,Functional amyloid
Glucagon,HSQGTFTSDYSKYLDSRRAQDFVQWLMNT,P01275,Homo sapiens,Functional amyloid
Riparin-2.1,IIEKLVNTALGLLSGL,P86127,Crinia riparia (Streambank froglet) (Flinders Ranges froglet),"FF,AF-AMP"
Bombinin-H1/H3,IIGPVLGMVGSALGGLLKKIG,P82282,Bombina variegata (Yellow-bellied toad),Uniprot AMPs
Maximin-Ht (Maximin-7),ILGPVLGLVGNALGGLIKNE,P83086,Bombina maxima (Giant fire-bellied toad) (Chinese red belly toad),Uniprot AMPs
Agelaia-CP,ILGTILGLLKGL,P69437,Agelaia pallipes pallipes (Neotropical social wasp),"FF,AF-AMP"
Polybia-CP,ILGTILGLLKSL,P0C1R0,Polybia paulista (Neotropical social wasp) (Swarm-founding polistine wasp),"FF,AF-AMP"
Dominulin-B,INWKKIAEIGKQVLSAL,P0C1M7,Polistes dominula (European paper wasp) (Vespa dominula),Uniprot AMPs
Mastoparan PDD-B,INWLKLGKKILGAL,P0DRA6,Polistes dorsalis (Paper wasp),Uniprot AMPs
Trypsin,IVGGTAVTPGEFPYQLSFQDSIEGVESHFCGG,P35050,Penaeus monodon,UniProt General
"IAPP, Amylin",KCNTATCATQRLANFLVHSSNNFGAILSSTNVGSNTY,P10997,Homo sapiens,Pathogenic amyloid
Plantaricin A,KSSAYSLQMGATAIKQVKKLFKKWGW,"Q27XH9 (23-48), P80214 (23-48), I6WB56 (23-48), I6TYV4 (23-48), C1KBG0 (23-48), A0AAW3FSE8 (23-48), A0A837P902 (23-48), A0A1E1GJF4 (23-48)","Lactiplantibacillus plantarum (Lactobacillus plantarum), Lactiplantibacillus plantarum (strain ATCC BAA-793 / NCIMB 8826 / WCFS1) (Lactobacillus plantarum), Lactiplantibacillus plantarum subsp. plantarum, Lactiplantibacillus paraplantarum, Lactiplantibacillus plantarum (Lactobacillus plantarum), Lactiplantibacillus plantarum CMPG5300, Lactiplantibacillus plantarum WJL, Lactiplantibacillus plantarum subsp. plantarum","FF,AF-AMP"
Probable bradykinin-potentiating peptide (BPP) (Probable antimicrobial peptide),KVLAPAEEAPAEAPAAAE,P0DQU4,Tityus metuendus (Scorpion),Uniprot AMPs
Bombinin H4,LIGPVLGLVGSALGGLLKKI,P82284  (1-20),Bombina variegata,"FF,AF-AMP"
gLL-37,LLGDFFRKAKEKIGKESKRIVQRIKDFLRNLVPRTES,Q1KLY3,Gorilla gorilla gorilla,"FF,AF-AMP"
Cathelicidin (LL37),LLGDFFRKSKEKIGKEFKRIVQRIKDFLRNLVPRTES,"P49913 (134-170), J3KNB4 (137-173), Q1KLX1 (134-170), A0A6D2XCK7 (137-173), A0A384NPR0 (134-170), A0A2R9CDL0 (137-173), A0A2J8PA57 (137-173)","Homo sapiens (Human), Pan troglodytes (Chimpanzee), Pan paniscus (Pygmy chimpanzee) (Bonobo)","FF,AF-AMP"
Temporin-1Tb,LLPIVGNLLKSLL,P79874 (45-59),Rana temporaria (European common frog),"FF,AF-AMP"
Temporin-1Tk (TK) (Temporin-K),LLPNLLKSLL,P56923,Rana temporaria (European common frog),Uniprot AMPs
Eumenitin,LNLKGIFKKVASLLT,P0C931,Eumenes rubronotatus (Solitary wasp),"FF,AF-AMP"
Panurgin 1,LNWGAILKHIIK,C0HL84,Panurgus calcaratus (Solitary bee),"FF,AF-AMP"
delta-hemolysin,MAADIISTIGDLVKWIIDTVNKFKK,Q5HMY6,Staphylococcus epidermidis,"FF,AF-AMP"
PSMa4,MAIVGTIIKIIKAIIDIFAK,P0C819,Staphylococcus aureus,Functional amyloid
Hemolysin H2U,MDFIIDIIKKIVGLFTGK,P85223,Staphylococcus cohnii subsp. urealyticus,"FF,AF-AMP"
PSMa3,MEFVAKLFKFFKDLLGKFLGNN,P0C809,Staphylococcus aureus,Functional amyloid
Phenol-soluble modulin A1,MGIIAGIIKVIKSLIEQFTGK,A8Z0V1,Staphylococcus aureus,Functional amyloid
3-hydroxypropionic acid resistance peptide,MKPALRDFIAIVQERLASVTA,U3PVA8,Escherichia coli,"FF,AF-AMP"
thr operon leader peptide,MNRIGMITTIITTTITTGNGAG,A6T4E1,Klebsiella pneumoniae,"FF,AF-AMP"
"Accessory gene regulator D amphipathic leader sequence, N-AgrD",MNTLFNLFFDFITGILKNIGNIAA,Q53643,Staphylococcus aureus,Functional amyloid
sex pheromone inhibitor determinant,MSKRAMKKIIPLITLFVVTLVG,P24803,Enterococcus faecalis,"FF,AF-AMP"
Ribosome-inactivating protein luffacylin (EC 3.2.2.22) (rRNA N-glycosidase),PRGSPRTEYEAARR,P84073,Luffa aegyptiaca (Sponge gourd) (Luffa cylindrica),Uniprot AMPs
Sauvagin,QGPPISIDLSLELLRKMIEIEKQEKEKQQAANNRLLLDTI,P01144,Phyllomedusa sauvagei,Functional amyloid
Protegrin-1 antimicrobial peptide,RGGRLCYCRRRFCVCVGR,P32194,Sus scrofa,"FF,AF-AMP"
Cecropin-C,RRFKKFLKKVEGAGRRVANAAQKGLPLAAGVKGLV,Q8MUF3 (24-58),Anopheles gambiae Animalia,"FF,AF-AMP"
Plantaricin-K,RRSRKNGIGYAIGYAFGAVERAVLGGSRDYNK,P71460  (26-57),Lactobacillus plantarum,"FF,AF-AMP"
Pleurocidin-like peptide WFX,RSTEDIIKSISGGGFLNAMNA,Q7T053  (23-43),Pseudopleuronectes americanus (Winter flounder) (Pleuronectes americanus),"FF,AF-AMP"
Cecropin-A,RWKVFKKIEKVGRNIRDGVIKAAPAIEVLGQAKAL,P83413,Heliothis virescens (Tobacco budworm moth),Uniprot AMPs
Hyphancin-3F,RWKVFKKIEKVGRNIRDGVIKAGPAIAVVGQAKAL,P50722 (27-61),Hyphantria cunea (Fall webworm moth),"FF,AF-AMP"
Putative antimicrobial protein 3 (Cm-p2),SESILIVHQQQSRSSGS,B3EWI8,Cenchritis muricatus (Beaded periwinkle),Uniprot AMPs
Dolabellanin-B2,SHQDCYEALHKCMASHSKPFSCSMKFHMCLQQQ,P83376,Dolabella auricularia,"FF,AF-AMP"
Equinatoxin-1'',SVAVAGAVIEGATLTFNVLQ,P0C1H1,Actinia equina,UniProt General
Cn-AMP2,TESYFVFSVGM,P86706,Cocos nucifera,"FF,AF-AMP"
Bacteriocin lactococcin MMFII,TSYGNGVHCNKSKCWIDVSELETYKAGTVSNPKDILW,P83002,Lactococcus lactis subsp. lactis (Streptococcus lactis),Uniprot AMPs
"Major cell-surface adhesin PAc, P1",TYETEKPLKPAPVAPNYEKEPTPPTRTPDQAEPNKPTPPT,P11657,Streptococcus mutans,Functional amyloid
Lasioglossin LL-I,VNWKKVLGKIIKVAK,C0HK42,Lasioglossum laticeps (Bee),"FF,AF-AMP"
N-acetylmuramoyl-L-alanine amidase L2 (EC 3.5.1.28),XNVVFLNXPXPQW,P85143,Lysobacter sp,Uniprot AMPs
Salmocidin-1,XXSVPAFGHYLPAXP,P81369,Oncorhynchus mykiss (Rainbow trout) (Salmo gairdneri),Uniprot AMPs
PlnA-22 (Bacteriocin),YSLQMGATAIKQVKKLFKKWGW,"P80214 (27-48), C1KBG0 (27-48)",Lactobacillus plantarum (Gram-positive bacteria),"FF,AF-AMP"
